candidate,constituency,party,criminal_cases,education,total_assets,liabilities
Abdul Hai Mallik,ONDA,IND,0,8th Pass,160171,0
Abdur Razzak Molla,FALTA,INC,2,10th Pass,2650450,0
Abhijit Bhattacharya,PURULIA,IND,0,Post Graduate,4439532,375000
Abir Chandra Mandal,CHHATNA,IND,0,Graduate Professional,809000,0
Adhikari Suvendu,NANDIGRAM,BJP,1,Post Graduate,10552749,0
Adhikary Nilanjan,NANDAKUMAR,BJP,0,Post Graduate,7793230,0
Aditya Kumar Bauri,SALTORA (SC),Bahujan Mukti Party,0,12th Pass,20000,0
Aditya Mahato,PURULIA,IND,0,8th Pass,9060000,0
Aditya Manik,KHANAKUL,IND,0,5th Pass,104958,0
Agniswar Naskar,BISHNUPUR (SC),BJP,1,Graduate,7424649,6814277
Ahammad Sardar,MAGRAHAT PASCHIM,SUCI(C),0,12th Pass,1562000,28000
Ajay Haldar,CANNING PURBA,IND,0,8th Pass,8706,0
Ajit Baul,BARUIPUR PASCHIM,BSP,0,8th Pass,1158521,108000
Ajit Maity,PINGLA,AITC,1,12th Pass,8575000,0
Ajit Ray,SONAMUKHI (SC),CPI(M),0,10th Pass,926792,0
Akhil Giri,RAMNAGAR,AITC,1,12th Pass,7091258,0
Akshay Khan,CHANDRAKONA (SC),SUCI(C),0,Graduate Professional,9789710,0
Akshay Santra,KATULPUR (SC),INC,0,Graduate,175000,0
Akshaya Kumar Mahata,SALBONI,Amra Bangalee,0,Post Graduate,57000,0
Alok Mukherjee,BARJORA,AITC,0,10th Pass,1992033,0
Aloke Jaldata,RAIDIGHI,AITC,1,Graduate Professional,33522682,7483333
Aloke Koley,UDAYNARAYANPUR,INC,0,Graduate,3642000,127000
Amal Kumar Barman,ULUBERIA DAKSHIN,IND,0,10th Pass,2358777,0
Amarnath Shakha,ONDA,BJP,6,10th Pass,6581000,100000
Ambujaksha Mahanti,PATASHPUR,BJP,0,Graduate Professional,107021114,0
Amitabha Chakraborti,SHYAMPUR,INC,2,Post Graduate,5999167,0
Amitav Naskar,JAYNAGAR (SC),RPI(A),0,Post Graduate,1220000,0
Amulya Maity,SABANG,BJP,1,Graduate,4047204,0
Ananda Kundu,BARUIPUR PASCHIM,IND,0,Illiterate,30026,0
Anandi Tudu,BALARAMPUR,BSP,0,10th Pass,0,0
Anath Bauri,CHHATNA,IND,0,8th Pass,48424,25000
Anil Chandra Mondal,GOSABA (SC),Revolutionary Socialist Party,0,Post Graduate,1230915,732000
Animesh Mahata,SALBONI,IND,0,10th Pass,36864,0
Anirban Saha,DHANEKHALI (SC),INC,0,Graduate,15097446,0
Anjan Jana,GHATAL (SC),SUCI(C),0,Graduate,2839724,0
Antara Bhattacharyya,PINGLA,BJP,0,Post Graduate,5527937,0
Anupam Ghosh,JAGATBALLAVPUR,BJP,0,Graduate,1648493,200000
Anupam Mallik,BAGNAN,BJP,3,Graduate,15000421,0
Anurup Panda,KANTHI DAKSHIN,CPI,0,12th Pass,54305,0
Apurba Mondal,ONDA,SUCI(C),0,Graduate,262000,0
Apurba Pramanik (Apu),JAYNAGAR (SC),CPI(M),4,Graduate,4959303,0
Arati Pahari,RAMNAGAR,SUCI(C),0,8th Pass,3568106,0
Archana Sain,JHARGRAM,SUCI(C),0,8th Pass,370338,0
Archita Bid,BISHNUPUR,AITC,0,Graduate,9699763,1993402
Ardhendu Maity,BHAGABANPUR,AITC,0,Graduate Professional,2819318,0
Arnab Adhikary,UDAYNARAYANPUR,IND,0,Graduate,163225,0
Arnab Roy,CANNING PASCHIM (SC),BJP,0,Graduate,6627572,0
Arunava Sen (Raja),BAGNAN,AITC,1,12th Pass,6696240,0
Arup Chakraborty,TALDANGRA,AITC,0,Graduate Professional,88251416,39858383
Arup Dash,EGRA,BJP,1,Graduate,3656377,0
Arup Dhara,CHANDRAKONA (SC),AITC,0,Graduate,7039412,1527905
Arup Kumar Das,KANTHI DAKSHIN,BJP,0,Post Graduate,10312786,0
Arup Kumar Khan,ONDA,AITC,0,Graduate,6967775,602553
Arup Kumar Sahoo,CHANDIPUR,IND,0,10th Pass,1017000,0
Ashis Kumar Guchhait,CHANDIPUR,CPI(M),0,Graduate,203590,0
Ashok Dalui,ULUBERIA UTTAR (SC),CPI(M),1,5th Pass,253122,0
Ashoke Dinda,MOYNA,BJP,0,Graduate,75063577,18865905
Ashoke Mahata,GOPIBALLAVPUR,IND,2,12th Pass,63097,0
Ashutosh Mahato,BAGHMUNDI,AJSU Party,0,Graduate,3863400,140000
Ashutosh Rana,JHARGRAM,IND,0,Graduate,6323000,0
Asim Kumar Mandal,SONAMUKHI (SC),IND,0,Graduate,202200,0
Asima Patra,DHANEKHALI (SC),AITC,0,12th Pass,8460657,0
Asit Kumar Haldar,PATHARPRATIMA,BJP,2,Graduate Professional,1497406,489000
Asit Mitra,AMTA,INC,1,Graduate,1141000,40000
Asoktaru Pradhan,BHAGABANPUR,SUCI(C),0,Others,901500,0
Aswini Singh Sardar,BALARAMPUR,IND,0,10th Pass,88172,0
Atal Kumar Purkait,FALTA,BSP,0,12th Pass,2585210,0
Atanu Samanta,KHANAKUL,IND,0,8th Pass,8390402,848890
Atta Surja Kanta,NARAYANGARH,AITC,0,Post Graduate,12280040,4000000
Avijit Das,ULUBERIA UTTAR (SC),IND,0,10th Pass,1302424,0
Avranil Mandal,SONAMUKHI (SC),SUCI(C),0,Graduate,94900,0
Babita Bouri,PARA (SC),IND,0,10th Pass,1630000,0
Bablu Gorai,BARJORA,Bahujan Mukti Party,0,12th Pass,30000,0
Bablu Haldar,RAIDIGHI,IND,0,Graduate,2107551,691995
Bablu Murmu,BINPUR (ST),Jharkhand Mukti Morcha,0,12th Pass,7000,0
Bablu Sanfui,KULTALI (SC),LJP,0,Post Graduate,300500,0
Bahadur Kushbaha Kuiri,JOYPUR,IND,0,10th Pass,897798,0
Baidyanath Kisku,BANKURA,IND,0,Graduate,110000,0
Baidyanath Roy,BISHNUPUR,IND,0,Post Graduate,3145000,0
Bakul Murmu,NAYAGRAM (ST),BJP,0,Post Graduate,8113020,0
Banamali Das,NARAYANGARH,IND,0,8th Pass,1926000,1450000
Banamali Nayak,GOPIBALLAVPUR,BSP,0,8th Pass,27500,0
Baneswar Mahato,BALARAMPUR,BJP,3,12th Pass,3030000,0
Bankim Chandra Hazra,SAGAR,AITC,0,Post Graduate,9090193,0
Bankim Chandra Santra,ARAMBAG (SC),BSP,0,Graduate,3512500,370000
Barsha Mahapatra,KHARAGPUR,Amra Bangalee,0,8th Pass,174100,14000
Barun Pramanik (Chitta),GOSABA (SC),BJP,27,Graduate,17854032,17000000
Basudeb Sikari,BISHNUPUR,Bahujan Mukti Party,0,12th Pass,2966137,680000
Besra Susanta Kumar,BANDWAN (ST),CPI(M),0,Post Graduate,3560372,2338640
Bhagirath Mahato,JOYPUR,SUCI(C),0,12th Pass,0,0
Bharati Ghosh,DEBRA,BJP,19,Post Graduate,192113310,7798626
Bhim Patra,TAMLUK,IND,0,Literate,256200,0
Bidhan Chandra Sing,NAYAGRAM (ST),IND,0,8th Pass,21900,0
Bidhan Parui,FALTA,BJP,5,12th Pass,255317,0
Bikash Chandra Das,CHANDIPUR,West Bengal Socialist Party,0,Post Graduate,1713769,1036577
Bikash Patra,ONDA,CPI(ML) Red Star,0,10th Pass,79700,0
Bikram Chandra Pradhan,DANTAN,AITC,2,12th Pass,1691439,101437
Bikram Chatterjee,MAHISHADAL,Rashtriya Secular Majlis Party,0,Post Graduate,649130,0
Bimal Poria,PANSKURA PURBA,Amra Bangalee,0,12th Pass,264494,0
Biman Banerjee,BARUIPUR PASCHIM,AITC,0,Post Graduate,23862266,0
Biman Ghosh,PURSURAH,BJP,2,Graduate,210379,0
Biplab Barai,MOYNA,IND,0,Post Graduate,2663860,1416800
Biplab Roy Chowdhury,PANSKURA PURBA,AITC,0,12th Pass,3581403,0
Birbaha Hansda,JHARGRAM,AITC,0,Graduate,306215,0
Birendranath Mahato,PURULIA,IND,0,10th Pass,260700,0
Bishwajit Mahata,MEDINIPUR,IND,0,10th Pass,60500,0
Biswajit Biswas,MAGRAHAT PURBA (SC),IND,0,12th Pass,10900,0
Biswajit Mondal,BASANTI (SC),IND,3,8th Pass,337323,0
Biswajit Sardar,DIAMOND HARBOUR,IND,0,10th Pass,15000,0
Biswanath Banerjee,MAHISHADAL,BJP,5,10th Pass,2105687,201148
Biswanath Das,KANTHI UTTAR,Indian Unity Centre,0,8th Pass,1441200,75000
Biswanath Das,JAYNAGAR (SC),AITC,0,Post Graduate,10789846,1458616
Biswanath Das,AMTA,IND,0,10th Pass,825865,0
Biswanath Ghorai,CHANDIPUR,BSP,0,12th Pass,22000,1050000
Biswanath Ghosh,HARIPAL,SUCI(C),0,12th Pass,602512,0
Biswanath Karak,GOGHAT (SC),BJP,8,12th Pass,2532687,0
Biswanath Sardar,RANIBANDH (ST),IND,0,Graduate,2177500,688000
Bivas Sardar (Vobo),BARUIPUR PURBA (SC),AITC,1,12th Pass,7692159,2438000
Bouri Hazari,RAGHUNATHPUR (SC),AITC,0,Graduate,1311200,740000
Bouri Parimal,RAGHUNATHPUR (SC),BSP,0,10th Pass,1074000,0
Chandan Kumar Naskar,MAGRAHAT PURBA (SC),BJP,0,Post Graduate,1740258,0
Chandan Mondal,BARUIPUR PURBA (SC),BJP,0,10th Pass,26713000,4250000
Chandan Pal,SATGACHHIA,BJP,0,12th Pass,31010125,340148
Chandan Saha,MAGRAHAT PURBA (SC),CPI(M),1,Post Graduate,717447,250000
Chandan Samanta,KHANAKUL,IND,0,10th Pass,28208347,600000
Chandana Bauri,SALTORA (SC),BJP,0,10th Pass,62296,0
Chandramohan Manik,PANSKURA PURBA,SUCI(C),1,12th Pass,830083,0
Chinmay Naskar,BARUIPUR PURBA (SC),IND,2,10th Pass,251500,0
Chiran Bera,ULUBERIA UTTAR (SC),BJP,4,10th Pass,1553,0
Chiranjib Bhowmik,SABANG,INC,0,Graduate Professional,30199448,2000268
Chiranjit Barik,PURSURAH,IND,3,10th Pass,5275650,0
Chittaranjan Dasthakur,PANSKURA PASCHIM,CPI,2,Post Graduate,6198955,800000
D. Madhusudan Rao,KHARAGPUR SADAR,Humanity Universal Motion Party,0,10th Pass,3666000,2000000
Debabrata Mondal,BASANTI (SC),IND,0,Graduate,5673649,12000
Debabrata Pattanayek,PANSKURA PURBA,BJP,1,Post Graduate,5569157,1826790
Debajyoti Basu,SATGACHHIA,IND,0,Graduate,1644930,0
Debashis Barman,SABANG,Amra Bangalee,0,12th Pass,127000,0
Debasis Das,KANTHI UTTAR,IND,2,12th Pass,356000,0
Debasish Aich,MEDINIPUR,SUCI(C),0,Post Graduate,10059604,409960
Debjit Sarkar,JANGIPARA,BJP,11,Graduate Professional,5195183,304854
Deblina Hembram,RANIBANDH (ST),CPI(M),1,10th Pass,1893732,45000
Debnath Hansda,BINPUR (ST),AITC,0,8th Pass,364500,0
Debopam Chattopadhyaya(Babu),BARUIPUR PASCHIM,BJP,2,Graduate,1526057,155846
Debranjan Mahato,BAGHMUNDI,AIFB,0,Post Graduate,1100671,0
Debtanu Bhattacharya,AMTA,BJP,2,Graduate,289770,0
Debu Chatterjee,BISHNUPUR,INC,0,Graduate,5744507,0
Deepak Ram,FALTA,IND,0,10th Pass,24000,0
Dhirendra Nath Mahato,JOYPUR,AIFB,0,8th Pass,1158364,0
Dhruba Sekhar Mandal,DASPUR,CPI(M),0,10th Pass,2750983,2123345
Dhurjati Saha (Manas),MAGRAHAT PASCHIM,BJP,0,Graduate,5764132,0
Dibakar Gharami,SONAMUKHI (SC),BJP,0,8th Pass,497000,0
Dibakar Hansda,BINPUR (ST),CPI(M),0,12th Pass,1334236,4000
Dibya Joti Singh Deo,JOYPUR,IND,0,10th Pass,22243,0
Dilip Kumar Hait,AMTA,IND,0,Post Graduate,980900,500000
Dilip Kumar Jatua,MANDIRBAZAR (SC),BJP,9,12th Pass,6810000,60000
Dilip Mondal,BISHNUPUR (SC),AITC,1,12th Pass,15903820,5505267
Dilip Yadav,PURSURAH,AITC,1,10th Pass,18062199,3152281
Dinabandhu Bauri,CHHATNA,Bahujan Mukti Party,0,12th Pass,370000,0
Dinanath Chatterjee,CHHATNA,IND,0,12th Pass,6491916,0
Dinen Roy,KHARAGPUR,AITC,13,12th Pass,37019486,0
Dipak Kumar,BALARAMPUR,SUCI(C),0,12th Pass,0,0
Dipak Kumar Gayen,NANDIGRAM,IND,0,Graduate,1269434,650000
Dipak Kumar Halder,DIAMOND HARBOUR,BJP,4,Graduate,10462970,85292
Dipak Kumar Mahato,KASHIPUR,SUCI(C),0,Graduate,774168,300000
Dipankar Jana,KAKDWIP,BJP,2,Graduate,144192077,42686883
Dipankar Maity,DEBRA,SUCI(C),0,Graduate,469000,0
Dipen Bauri,SALTORA (SC),SUCI(C),0,10th Pass,156500,0
Dr. Karabi Manna,HARIPAL,AITC,0,Others,21104407,1368413
Dr. Khagendra Nath Mahata,GOPIBALLAVPUR,AITC,0,Graduate Professional,8871800,804081
Dr. Nirmal Maji,ULUBERIA UTTAR (SC),AITC,2,Post Graduate,8435790,381835
Dr. Pulin Bihari Baske,KESHIARY (ST),CPI(M),1,Graduate Professional,9344011,0
Dr. Shyamal Santra,SONAMUKHI (SC),AITC,0,Doctorate,6023310,2471586
Dulal Murmu,NAYAGRAM (ST),AITC,0,Post Graduate,12035096,0
Faisal Khan,KHANAKUL,Rashtriya Secular Majlis Party,0,5th Pass,469350,0
Falguni Mukherjee,CHHATNA,Revolutionary Socialist Party,1,12th Pass,552503,0
Fulchand Hansda,RANIBANDH (ST),Bahujan Mukti Party,0,Graduate,111000,0
Ganesh Bouri,RAGHUNATHPUR (SC),CPI(M),0,Graduate,495506,300000
Ganesh Chandra Hazra,ULUBERIA UTTAR (SC),IND,0,12th Pass,2182008,634000
Ganesh Chandra Mondal,KULTALI (SC),AITC,0,Graduate,63301383,12392528
Gazi Shahabuddin Siraji,CANNING PURBA,Rashtriya Secular Majlis Party,0,Post Graduate,234253,169423
Ghosh Susanta,SALBONI,CPI(M),6,10th Pass,3881988,0
Gias Uddin Molla,MAGRAHAT PASCHIM,AITC,0,8th Pass,15716054,6363282
Gobardhan Manna,JAGATBALLAVPUR,Indian Unity Centre,0,8th Pass,1343800,0
Gobinda Majhi,KULTALI (SC),IND,1,Graduate,11498500,1220000
Golam Ali Sekh,DIAMOND HARBOUR,BSP,0,12th Pass,3706952,0
Gopal Chandra Mandal,CANNING PASCHIM (SC),IND,0,12th Pass,13000,0
Gouranga Das,CHANDRAKONA (SC),Rashtriya Secular Majlis Party,0,Post Graduate,9893533,0
Gouri Sing Sardar,MANBAZAR (ST),BJP,0,10th Pass,628255,0
Goutam Kumar Mudi,RANIBANDH (ST),SUCI(C),1,Post Graduate,1949000,735000
Goutam Pal,SATGACHHIA,CPI(M),0,Post Graduate,5382739,0
Goutam Panda,TAMLUK,CPI,0,Graduate,1439664,0
Gunasindhu Haldar,RAIDIGHI,SUCI(C),5,8th Pass,841237,0
Habul Kumar Mandal,MAGRAHAT PASCHIM,IND,0,Graduate,1140000,0
Haji Mursid Uddin Sekh,MAGRAHAT PASCHIM,IND,3,10th Pass,3265000,0
Hamlet Baskey,JHARGRAM,IND,0,12th Pass,208000,0
Harakali Protiher,KATULPUR (SC),BJP,0,Post Graduate,6641745,3500000
Haran Biswas,MAGRAHAT PASCHIM,Party for Democratic Socialism,0,10th Pass,450000,0
Hare Krishna Bera,TAMLUK,BJP,0,Doctorate,54000643,0
Harekrishna Maiti,SABANG,SUCI(C),0,Others,3974500,0
Harendra Nath Mahato,PURULIA,Amra Bangalee,0,8th Pass,1215000,0
Haripada Mahato,BANKURA,IND,0,Post Graduate,4300227,0
Haripada Mandal,GOSABA (SC),BSP,1,Others,2675849,90000
Haripada Saren,NAYAGRAM (ST),CPI(M),0,Graduate Professional,1601822,194328
Haru Roy,KATULPUR (SC),BSP,1,Post Graduate,1000,0
Himangshu Das,KHEJURI (SC),CPI(M),24,10th Pass,4201949,0
Hiranmoy Chattopadhyaya,KHARAGPUR SADAR,BJP,2,Graduate,43710836,6093221
Hulu Kshetrapal,BANKURA,Bahujan Mukti Party,0,10th Pass,21031,0
Humayun Kabir,DEBRA,AITC,0,Doctorate,27577829,0
Ibrahim Ali Sk,PANSKURA PURBA,CPI(M),5,Graduate,1114686,0
Indranil Rout,KAKDWIP,INC,0,Graduate,50504500,0
Jagadis Sau,EGRA,SUCI(C),2,Post Graduate,9187410,0
Jagadish Mondal Adhikary,DASPUR,SUCI(C),0,12th Pass,561653,0
Jagannath Bauri,PARA (SC),SUCI(C),0,Graduate,457500,0
Jawahar Lal Mahato,JOYPUR,Mulnibasi Party of India,1,Graduate,465554,40000
Jayanta Khatua,ULUBERIA DAKSHIN,SUCI(C),0,Graduate,668955,955110
Jayanta Naskar,GOSABA (SC),AITC,1,8th Pass,21111705,0
Jaykrishna Haldar,KULTALI (SC),SUCI(C),2,10th Pass,20600,0
Jhantu Maity,KAKDWIP,SUCI(C),0,Post Graduate,3044503,0
Jhareswar Routh,KESHIARY (ST),SUCI(C),0,8th Pass,431695,0
Jhuma Kayal,BISHNUPUR (SC),CPI(M),0,12th Pass,3444472,0
Jiten Giri,GOPIBALLAVPUR,IND,1,5th Pass,36200,0
Jnanananda Roy,TAMLUK,SUCI(C),2,Graduate,8570137,950000
Jogaranjan Halder,KULPI,AITC,0,Graduate Professional,12990857,115643
Joydeb Halder,MANDIRBAZAR (SC),AITC,2,10th Pass,3585560,0
Joydev Naskar,BARUIPUR PURBA (SC),SUCI(C),0,Post Graduate,1768470,0
Julfikar Shaik,FALTA,IND,0,8th Pass,13500,0
June Maliah,MEDINIPUR,AITC,0,12th Pass,34449609,0
Jyotirmoy Kar,KANTHI DAKSHIN,AITC,0,Graduate,11673924,0
Jyotsna Mandi,RANIBANDH (ST),AITC,0,Others,4101144,234000
Kalicharan Beshra,NAYAGRAM (ST),SUCI(C),0,8th Pass,445500,0
Kalipada Mandal,SHYAMPUR,AITC,0,Graduate Professional,8383967,0
Kalipada Naskar,CANNING PURBA,BJP,1,8th Pass,1654671,80000
Kamal Bag,MOYNA,BSP,0,10th Pass,10000,0
Kamal Chandra Dolui,GHATAL (SC),CPI(M),0,Post Graduate,1608530,520000
Kamalakanta Hansda,KASHIPUR,BJP,0,Post Graduate,4502009,1300000
Kamila Bikash,SAGAR,BJP,2,Post Graduate,331589,0
Kanan Bala Mondal,KULTALI (SC),BSP,0,10th Pass,2658785,0
Kanti Ganguly,RAIDIGHI,CPI(M),1,Graduate,3080689,375800
Kar Paik Manika,HALDIA (SC),CPI(M),0,Post Graduate,9526480,1893546
Kartick Mondal,KULTALI (SC),Bahujan Mukti Party,0,Post Graduate,960000,0
Karuna Sankar Bhowmik,NANDAKUMAR,CPI(M),0,10th Pass,2271348,55000
Kishor Kumar Mondal,DIAMOND HARBOUR,IND,0,10th Pass,66500,0
Koushik Das,MAHISHADAL,IND,0,12th Pass,226300,0
Krishna Chandra Bauri,ONDA,IND,0,12th Pass,901318,0
Kshudiram Tudu,RANIBANDH (ST),BJP,0,Graduate Professional,1325600,400000
Kutubuddin Khan,GARBETA,IND,0,5th Pass,22000,52000
Laksmi Kanta Murmu,SALBONI,IND,0,Graduate,15000,0
Latab Uddin Molla,DIAMOND HARBOUR,IND,0,10th Pass,2327000,0
Laxman Hansda,JHARGRAM,Amra Bangalee,0,Graduate,7073,0
Lina Ghosh,BANKURA,SUCI(C),0,Graduate,1386500,0
Lirika Muktar,KANTHI UTTAR,IND,0,12th Pass,3105591,3945078
M. Raquibul Hasan Mallick,FALTA,IND,0,10th Pass,21000,0
Madan Ruidas,GARBETA,BJP,0,10th Pass,76176,50000
Madhuja Sen Roy,JHARGRAM,CPI(M),3,Post Graduate,1138011,0
Madhusudan Bag,ARAMBAG (SC),BJP,1,Post Graduate,4951884,2043796
Madhusudan Singha,JHARGRAM,IND,1,8th Pass,8851446,0
Mahammad Ali Sk,MOYNA,IND,0,10th Pass,1114000,0
Maidul Islam Molla,MAGRAHAT PASCHIM,Rashtriya Secular Majlis Party,7,Graduate,425013,0
Mallika Mahata,KASHIPUR,CPI(M),0,Graduate,3388050,0
Mamata Banerjee,NANDIGRAM,AITC,0,Post Graduate,1672352,0
Mamata Bhunia,DASPUR,AITC,0,10th Pass,596196,0
Manas Kumar Karmahapatra,EGRA,INC,3,Graduate Professional,11818457,798304
Manas Majumdar,GOGHAT (SC),AITC,0,Graduate,1019380,0
Manas Ranjan Bhunia,SABANG,AITC,0,Graduate Professional,73494125,26000
Manas Sardar,PURULIA,BSP,0,8th Pass,0,0
Mangal Chandra Sardar,BINPUR (ST),SHS,0,Graduate,505516,0
Manik Bhaumik,MOYNA,INC,2,Graduate,482837,252000
Manik Chandra Paria,KHARAGPUR,SUCI(C),0,Graduate,761000,0
Manoj Kumar Das,NANDIGRAM,SUCI(C),0,10th Pass,1002000,35000
Manoranjan Patra,TALDANGRA,CPI(M),3,12th Pass,4119000,0
Manturam Pakhira,KAKDWIP,AITC,2,10th Pass,6707089,0
Marphat Ali Khan,NANDAKUMAR,IND,0,Literate,220000,0
Maya Bag,CANNING PASCHIM (SC),IND,0,10th Pass,1212444,400000
Md Lahek Ali,BARUIPUR PASCHIM,CPI(M),0,Post Graduate,560903,118000
Md. Kabirul Islam Khan,SALBONI,Humanity Universal Motion Party,3,Graduate,637000,230000
Meghnath Halder,CANNING PASCHIM (SC),IND,0,Post Graduate,9721848,0
Mihir Bauri,RAGHUNATHPUR (SC),IND,0,12th Pass,1503900,0
Milan Dhum,FALTA,IND,0,8th Pass,5050,0
Milan Mandi,RAIPUR (ST),Rashtriya Secular Majlis Party,5,10th Pass,312000,0
Minakshi Mukherjee,NANDIGRAM,CPI(M),2,Post Graduate,132198,0
Mintu Halder,KULTALI (SC),BJP,2,8th Pass,569600,20000
Mintu Mistri,RAIDIGHI,BSP,0,Graduate,8541415,0
Mithun Mandi,KESHIARY (ST),BSP,0,12th Pass,10139,0
Mohan Chandra Naskar,SATGACHHIA,AITC,0,Graduate,2518517,0
Mohan Santra,KATULPUR (SC),SUCI(C),0,Literate,301000,0
Monarama Halder,DIAMOND HARBOUR,SUCI(C),0,Post Graduate,13000,0
Mongal Naskar,MANDIRBAZAR (SC),RPI(A),0,12th Pass,260500,0
Monika Malik Ghosh,PURSURAH,INC,0,Graduate,2795296,1250023
Monotosh Naskar,JAYNAGAR (SC),Bahujan Mukti Party,0,Graduate Professional,2511000,0
Mrinmay Mandal,KULPI,IND,0,Graduate,3567406,0
Mritunjoy Pandey,PURULIA,IND,1,12th Pass,8451448,50000
Mrityunjoy Murmu,RAIPUR (ST),AITC,0,10th Pass,1018005,0
Mrityunjoy Singh Babu,BAGHMUNDI,SUCI(C),0,Post Graduate,2124000,0
Mukul Mondal,BARUIPUR PASCHIM,IND,0,Doctorate,2386822,0
Munsi Nazbul Karim,KHANAKUL,AITC,9,Graduate,21674345,1976977
Nadiar Chand Bouri,PARA (SC),BJP,0,12th Pass,1689675,650000
Nageswar Mahato,JOYPUR,IND,0,8th Pass,1930000,0
Namita Saha,MAGRAHAT PURBA (SC),AITC,0,Graduate Professional,4286392,0
Nandadulal Bauri,SALTORA (SC),CPI(M),0,Graduate,470077,0
Nara Hari Mahato,JOYPUR,BJP,3,Post Graduate,11727000,200000
Narayan Haldar,PATHARPRATIMA,SUCI(C),0,12th Pass,5017602,0
Narayan Kinkar Mishra,PANSKURA PASCHIM,IND,1,Post Graduate,144615,0
Narayan Naskar,CANNING PASCHIM (SC),SUCI(C),0,Graduate,4686313,0
Narayan Pramanik,HALDIA (SC),SUCI(C),0,12th Pass,711542,0
Narendra Nath Mahata,KASHIPUR,Amra Bangalee,0,Post Graduate,800500,0
Nayan Kumar Shill(Bagdi),INDUS (SC),CPI(M),0,Graduate,51047,22000
Nepal Chandra Mahato,BAGHMUNDI,INC,2,Post Graduate,5097439,419982
Nepal Chandra Mahato,JOYPUR,IND,0,10th Pass,1819640,242757
Niladri Sekhar Dana,BANKURA,BJP,0,12th Pass,19001000,0
Nimai Chandra Mondal,BASANTI (SC),SUCI(C),0,12th Pass,4064000,0
Nirapada Pandit,ULUBERIA UTTAR (SC),IND,0,12th Pass,413773,0
Nirmal (Bablu) Banerjee,ONDA,CPI(ML)(L),0,8th Pass,141262,0
Nirmal Kumar Dhara,INDUS (SC),BJP,0,Post Graduate,1700,0
Nityalal Sing,BINPUR (ST),IND,0,12th Pass,706577,0
Pabitra Halder,MANDIRBAZAR (SC),IND,0,Post Graduate,828300,0
Palan Saren,BINPUR (ST),BJP,2,10th Pass,1050135,670980
Palash Halder,MAGRAHAT PASCHIM,IND,0,8th Pass,175637,93000
Pampa Sarkar Bera,BAGNAN,SUCI(C),0,Graduate,3107070,0
Panchanan Das,KANTHI UTTAR,SUCI(C),1,12th Pass,706650,0
Panchanan Mahanta,JAGATBALLAVPUR,IND,0,12th Pass,3000,0
Pannalal Halder,DIAMOND HARBOUR,AITC,0,Graduate Professional,59450472,0
Papia Dey (Adhikary),ULUBERIA DAKSHIN,BJP,0,Post Graduate,23053825,4471647
Parbati Bhunia,KAKDWIP,BSP,0,8th Pass,440480,0
Parcy Murmu,BANDWAN (ST),BJP,0,12th Pass,1208827,836558
Paresh Chandra Dutta,SALBONI,SUCI(C),0,Post Graduate,1828481,1200000
Paresh Murmu,KESHIARY (ST),AITC,0,Graduate,4010329,0
Paresh Ram Das,CANNING PASCHIM (SC),AITC,9,12th Pass,5656988,1500000
Partha Halder,MANDIRBAZAR (SC),Bahujan Mukti Party,0,Graduate,20500,0
Partha Pratim Banerjeee,PURULIA,INC,0,Graduate,19538621,952289
Partha Pratim Das,KHEJURI (SC),AITC,10,Graduate Professional,6536726,4000000
Pashupati Mahato,BAGHMUNDI,Amra Bangalee,0,Graduate,716000,0
Pashupati Roy,RAGHUNATHPUR (SC),SUCI(C),0,Graduate,392500,0
Patal Chandra Murmu,BINPUR (ST),BSP,0,10th Pass,30000,0
Phajlur Rahaman Sek,MAHISHADAL,IND,0,8th Pass,241250,0
Phanibhushan Kumar,JOYPUR,INC,0,Graduate,5132466,525013
Phiroja Bibi,PANSKURA PASCHIM,AITC,2,8th Pass,2031347,0
Prabir Mishra,KANTHI UTTAR,IND,0,Post Graduate,196200,0
Pradip Mandal,SHYAMPUR,SUCI(C),0,Graduate,1115558,0
Pradip Sarkar,KHARAGPUR SADAR,AITC,0,Graduate,17645938,5500000
Pranab Kumar Mallik,KULPI,BJP,0,Post Graduate,1834722,780000
Prankrishna Mondal,DEBRA,CPI(M),4,Graduate,1112000,0
Prasanta Bera,DASPUR,BJP,0,Graduate,119500,0
Prasanta Kumar Das,GOPIBALLAVPUR,CPI(M),5,10th Pass,10844078,150000
Pratik Ur Rahaman,DIAMOND HARBOUR,CPI(M),6,Graduate Professional,152330,0
Preetilata Das Tewari,PANSKURA PASCHIM,LJP,0,Graduate,2272000,0
Pritish Ranjan Kuar,KESHPUR (SC),BJP,0,Post Graduate,9975318,0
Protap Chandra Mondal,CANNING PASCHIM (SC),INC,0,12th Pass,5937187,733096
Pulak Kanti Guria,CHANDIPUR,BJP,2,12th Pass,252054,0
Pulak Roy,ULUBERIA DAKSHIN,AITC,0,Graduate,29705081,4390702
Purna Chandra Tudu,MANBAZAR (ST),BSP,0,Graduate,31000,0
Rabin Sardar,JAYNAGAR (SC),BJP,3,10th Pass,1265504,0
Rabindra Nath Maity,BHAGABANPUR,BJP,1,12th Pass,7375000,2500000
Rabindranath Bouri,CHHATNA,IND,0,8th Pass,140783,0
Rabindranath Ranjan,BISHNUPUR (SC),BSP,0,8th Pass,136224,0
Radharani Banerjee,BANKURA,INC,0,12th Pass,4918629,0
Rafik Akunje,CANNING PURBA,SUCI(C),0,10th Pass,2480691,0
Rajesh Mahato,GOPIBALLAVPUR,IND,0,Post Graduate,4447264,2521593
Rajib Kundu,SALBONI,BJP,8,Post Graduate,2104630,0
Rajib Lochan Saren,BANDWAN (ST),AITC,0,Graduate Professional,6193233,2034628
Rajib Mudi,BINPUR (ST),SUCI(C),0,Graduate,500,0
Ram Prasad Ghorai,ULUBERIA DAKSHIN,Indian Unity Centre,0,10th Pass,224700,0
Ram Sankar Halder,KULTALI (SC),CPI(M),0,12th Pass,1743550,0
Rama Prasad Giri,NARAYANGARH,BJP,3,Graduate,3935322,166268
Ramendu Sinharay,TARAKESWAR,AITC,4,Graduate,34964190,928525
Ramesh Khanra,BAGNAN,IND,0,12th Pass,308246,0
Ramesh Majhi,BASANTI (SC),BJP,2,8th Pass,1393853,0
Rameswar Doloi,KESHPUR (SC),CPI(M),1,12th Pass,3501155,0
Ramkrishna Maji,TALDANGRA,IND,0,12th Pass,18451,0
Ramkrishna Sarkar,JHARGRAM,BSP,2,Graduate Professional,26449292,800000
Ranajit Singha,KULPI,SUCI(C),0,12th Pass,76268,0
Raneswar Das,BARUIPUR PASCHIM,IND,0,Graduate,5122600,0
Rani Mahato,PURULIA,SUCI(C),0,10th Pass,2500,0
Rasbihari Mahata,SALBONI,IND,0,10th Pass,110000,50000
Ratan Chandra Malick,AMTA,IND,0,Graduate,1006542,0
Ratan Kumar Naskar,KULTALI (SC),IND,0,10th Pass,20000,0
Reeta Sharma,KHARAGPUR SADAR,INC,1,Graduate,4757722,0
Runu Mete,INDUS (SC),AITC,0,5th Pass,9644837,0
Sabyasachi Jana,RAMNAGAR,CPI(M),5,Graduate Professional,1158823,0
Sachindra Nath Halder,DIAMOND HARBOUR,RPI(A),0,10th Pass,160500,0
Sadananda Mandal,CHHATNA,SUCI(C),0,12th Pass,7194363,1956340
Sadhan Chattaraj,BANKURA,BSP,0,12th Pass,500,0
Safiulla Khan,DIAMOND HARBOUR,IND,0,Illiterate,3300,0
Saikat Giri,PATASHPUR,CPI,0,Post Graduate,2000,0
Sajal Kumar De,DHANEKHALI (SC),CPI(ML)(L),0,Graduate,1010000,0
Sakti Mohon Malik,ARAMBAG (SC),CPI(M),1,Post Graduate,21699145,0
Saktipada Nayak,DANTAN,BJP,0,Graduate,2178127,0
Sambhu Nath Kanji,MAGRAHAT PASCHIM,IND,0,10th Pass,1630503,0
Samir Bandyopadhyay,JANGIPARA,IND,0,10th Pass,1547000,0
Samir Hossain,PANSKURA PURBA,IND,0,Graduate,91000,0
Samir Kumar Jana,PATHARPRATIMA,AITC,2,Post Graduate,9524413,550000
Samir Kumar Panja,UDAYNARAYANPUR,AITC,0,Graduate,25762514,0
Samir Roy,PINGLA,INC,0,Graduate,5598861,0
Samir Roy,GOGHAT (SC),BSP,0,12th Pass,671674,0
Samiran Mitra,HARIPAL,BJP,0,12th Pass,84002,0
Samit Karmakar,UDAYNARAYANPUR,IND,0,5th Pass,644021,0
Samit Kumar Dash,MEDINIPUR,BJP,7,Graduate,5845913,308549
Samsul Huda Laskar,MAGRAHAT PASCHIM,IND,0,Post Graduate,430250365,15000000
Sanchay Kumar Sarkar,MANDIRBAZAR (SC),Rashtriya Secular Majlis Party,0,Post Graduate,14646884,450000
Sandhyarani Tudu,MANBAZAR (ST),AITC,0,10th Pass,2148082,0
Sandip Batabyal,TAMLUK,IND,0,12th Pass,158000,0
Sandip Kumar Dey,TALDANGRA,IND,1,Post Graduate,3645000,2100000
Sangeeta Malik,KATULPUR (SC),AITC,0,Post Graduate,1239477,0
Sangram Kumar Dolai,MOYNA,AITC,0,Post Graduate,33772323,13576750
Sanjay Bauri,TALDANGRA,Bahujan Mukti Party,0,12th Pass,21000,0
Sanjay Halder,MANDIRBAZAR (SC),IND,0,12th Pass,1070740,0
Sanjay Kumar Sah,SATGACHHIA,BSP,0,8th Pass,1553947,0
Sanjay Mandal,MAGRAHAT PURBA (SC),SUCI(C),0,10th Pass,57010,0
Sanjeeb Santra,AMTA,SUCI(C),0,12th Pass,1615858,0
Sanjit Mahata,GOPIBALLAVPUR,BJP,3,8th Pass,1670843,800000
Sanjit Patra,BAGNAN,IND,0,Graduate,866241,613704
Sanju Chakraborty,TARAKESWAR,RPI(A),0,Graduate,4094388,918749
Sankar Deb Mondal,JAYNAGAR (SC),BSP,0,10th Pass,2658785,0
Sankar Deb Mondal,BARUIPUR PURBA (SC),BSP,0,10th Pass,2658785,0
Sankar Kumar Naskar,FALTA,AITC,0,8th Pass,16430004,0
Sankar Mandal,SHYAMPUR,IND,0,Graduate Professional,6099834,1375097
Santanu Bapuli,RAIDIGHI,BJP,0,Graduate,17520000,0
Santanu Pramanik,KHEJURI (SC),BJP,0,Post Graduate,1084792,61311
Santosh Samanta,FALTA,Akhil Bharat Hindu Mahasabha,1,Graduate Professional,125000,0
Saokat Molla,CANNING PURBA,AITC,0,Graduate,30652188,4840418
Satyam Bauri,BARJORA,IND,0,12th Pass,67000,0
Satyanarayan Mukhopadhyay,CHHATNA,BJP,0,Graduate Professional,2745685,400000
Saumen Kumar Mahapatra,TAMLUK,AITC,3,Doctorate,82825747,19300000
Saumitra Pattanayak,NANDAKUMAR,SUCI(C),0,Graduate,1023808,0
Sayantika Banerjee,BANKURA,AITC,0,Graduate,4559462,4087240
Sekh Abdur Rahaman,KHARAGPUR,Humanity Universal Motion Party,0,12th Pass,2232000,856767
Seuli Saha,KESHPUR (SC),AITC,0,Graduate Professional,19580822,128745
Shankar Dolai,GHATAL (SC),AITC,0,Graduate,10370010,0
Shantiram Mahato,BALARAMPUR,AITC,2,12th Pass,10336156,0
Shashibhusan Banerjee,BISHNUPUR,SUCI(C),0,12th Pass,1008176,0
Shiba Prasad Malick,GOGHAT (SC),AIFB,0,8th Pass,2457470,0
Shiu Maiti,BHAGABANPUR,INC,0,Post Graduate,5459418,0
Shrabani Pahari,KANTHI DAKSHIN,SUCI(C),0,Post Graduate,1210396,0
Shukdeb Bera,PATHARPRATIMA,INC,0,Post Graduate,7723702,0
Shyam Mandi,NAYAGRAM (ST),BSP,0,12th Pass,44500,0
Shyama Pada Jana,NARAYANGARH,SUCI(C),1,Graduate,2631800,0
Shyamal Kumar Sarkar (Benu),TALDANGRA,BJP,7,Graduate,23141101,0
Shyamal Mondal,BASANTI (SC),AITC,0,Graduate,7057592,370230
Shyamapada Mudi,RAIPUR (ST),SUCI(C),0,Graduate,2378000,0
Shyamlal Hansda,NAYAGRAM (ST),IND,0,12th Pass,12000,0
Sib Sankar Singh,BANDWAN (ST),IND,0,Post Graduate,6581869,582293
Sibaji Mahata,JHARGRAM,IND,0,12th Pass,394399,0
Sibaram Das,CHANDRAKONA (SC),BJP,2,Graduate,4331700,1430768
Simal Saren,HARIPAL,Rashtriya Secular Majlis Party,0,Graduate Professional,590736,459182
Sintu Senapati,PANSKURA PASCHIM,BJP,2,Graduate,309096,0
Siraj Uddin Gazi,KULPI,Rashtriya Secular Majlis Party,4,Graduate,1674086,0
Sishir Kumar Manna,PINGLA,SUCI(C),0,Post Graduate,1245000,0
Sisir Kumar Mondal,MANDIRBAZAR (SC),SUCI(C),0,10th Pass,4056438,0
Sisir Kumar Patra,DANTAN,CPI,0,Post Graduate,3521478,1887050
Sital Kapat,GHATAL (SC),BJP,1,12th Pass,409916,0
Sitanath Ghosh,JAGATBALLAVPUR,AITC,0,12th Pass,23911229,0
Sitaram Hansda,BALARAMPUR,Ambedkarite Party of India,0,10th Pass,1529600,0
Sk Bosir Ahmed,BAGNAN,CPI(M),0,Graduate,2918523,0
Sk Kutub Uddin Ahmed,ULUBERIA DAKSHIN,AIFB,0,Post Graduate,34844295,0
Sk Muklesur Rahaman,SAGAR,CPI(M),0,Doctorate,8083071,2550000
Sk Rabiyal,SATGACHHIA,SUCI(C),0,10th Pass,106600,0
Sk Sabbir Ahmed,JAGATBALLAVPUR,Rashtriya Secular Majlis Party,0,Graduate Professional,9808991,0
Sk Saddam Hossain,NANDIGRAM,IND,1,12th Pass,47000,0
Sk. Amjad Ali,JANGIPARA,IND,0,12th Pass,35000,0
Sk. Hasimuddin,BANKURA,IND,0,10th Pass,186431,0
Sk. Mainuddin,JANGIPARA,Rashtriya Secular Majlis Party,15,Literate,10794005,749000
Sk. Samsuddin,JANGIPARA,IND,0,8th Pass,1391500,0
Snehasis Chakraborty,JANGIPARA,AITC,1,Post Graduate,4780255,211859
Snehasis Saha,BARUIPUR PURBA (SC),IND,0,Graduate,24830,0
Soham Chakraborty,CHANDIPUR,AITC,0,Graduate,45988266,17082921
Somnath Mandal,KHEJURI (SC),SUCI(C),0,12th Pass,6106689,70000
Somnath Mondal,FALTA,IND,0,10th Pass,12500,0
Somnath Sarkar,MAGRAHAT PURBA (SC),IND,0,10th Pass,5000,0
Sonali Murmu Soren,KESHIARY (ST),BJP,0,12th Pass,5670945,4499895
Sontosh Kumar Mondal,SALTORA (SC),AITC,0,Post Graduate,26584395,4580229
Soumen Sarkar,MANDIRBAZAR (SC),BSP,0,Post Graduate,1842083,0
Souvik Bapuli,RAIDIGHI,IND,0,12th Pass,105438,0
Sri Subhas Mahata,GOPIBALLAVPUR,IND,1,12th Pass,52000,0
Sridhar Chandra Bagari,PATHARPRATIMA,Lok Samya Party,0,Post Graduate,30053678,0
Srikanta Mahata,SALBONI,AITC,3,Graduate,8214301,2763867
Subasish Batabyal,CHHATNA,AITC,0,Post Graduate,10539450,0
Subesh Kumar Halder,MANDIRBAZAR (SC),IND,0,Graduate,3850344,0
Subhas Das,DANTAN,SUCI(C),0,Graduate,2692700,0
Subhas Naskar,BASANTI (SC),Revolutionary Socialist Party,0,Graduate,5509788,0
Subhash Mahato,BALARAMPUR,Bharateeya Manavadhikar party,0,Graduate,60000,0
Subhasish Adhikary,BAGNAN,IND,1,10th Pass,72630,0
Subhendu Mahata,TALDANGRA,SUCI(C),0,10th Pass,756000,0
Subrata Bag,MOYNA,SUCI(C),0,Graduate Professional,510045,0
Subrata Bose,NANDIGRAM,IND,0,Graduate,5575655,0
Subrata Ghorai,HALDIA (SC),BSP,0,Literate,10000,0
Sudarshan Adhikari,BARJORA,SUCI(C),0,10th Pass,288600,0
Sudarshan Rajwar,PARA (SC),BSP,0,8th Pass,303000,0
Sudhanshu Hansda,RAIPUR (ST),BJP,0,Graduate,4174000,1100000
Sudhir Ari,CHANDRAKONA (SC),IND,0,8th Pass,351000,0
Sudhir Kumar Murmu,RANIBANDH (ST),CPI(ML)(L),0,10th Pass,226000,500000
Sudip Kumar Mukherjee,PURULIA,BJP,3,8th Pass,4502782,0
Sudipta Sanfui,MAGRAHAT PURBA (SC),RPI(A),0,Graduate,2811000,0
Sujata Mondal,ARAMBAG (SC),AITC,0,Post Graduate,9692899,0
Sujit Chakraborty,BARJORA,CPI(M),2,Graduate,5886347,0
Sujit Mondal,ULUBERIA DAKSHIN,IND,0,12th Pass,11000,0
Sujoy Banerjee,PURULIA,AITC,0,12th Pass,7786827,0
Sukanta Das,DEBRA,IND,0,8th Pass,3886053,125000
Sukanta Kumar Paul,AMTA,AITC,0,Post Graduate,1939357,0
Sukchand Saren,RAIPUR (ST),IND,0,10th Pass,2217000,0
Sukesh Palmal,MEDINIPUR,Amra Bangalee,0,12th Pass,2692296,0
Sukhamay Satpathy,JHARGRAM,BJP,2,Post Graduate,623813,0
Sukumar De,NANDAKUMAR,AITC,0,Graduate,1428598,0
Sukumar Khanra,TARAKESWAR,IND,0,8th Pass,1125565,0
Sukumar Naskar,BARUIPUR PASCHIM,IND,0,10th Pass,1601000,140000
Sulalit Mallick,TAMLUK,Amra Bangalee,0,Graduate,1132415,0
Sumanta Bouri,RAGHUNATHPUR (SC),IND,0,Post Graduate,1097000,0
Sumit Ranjan Karar,UDAYNARAYANPUR,BJP,2,10th Pass,11545000,256000
Sumita Sinha,KANTHI UTTAR,BJP,0,Graduate,41410667,2653018
Sunil Kumar Jana,PANSKURA PASCHIM,SUCI(C),0,Post Graduate,4059641,0
Sunil Murmu,TALDANGRA,IND,0,12th Pass,25200,0
Supriti Chatterjee,BARJORA,BJP,0,10th Pass,1017774,175944
Surajit Ghosh,TARAKESWAR,CPI(M),3,Graduate,5680275,620000
Suranjan Mahapatra,KHARAGPUR SADAR,SUCI(C),0,12th Pass,3210214,0
Surjyendu Bikash Patra,PATASHPUR,SUCI(C),0,Graduate,5270000,0
Susanta Ghosh,KHANAKUL,BJP,2,10th Pass,3525746,150000
Susanta Kumar Das,GOPIBALLAVPUR,SHS,0,Post Graduate,7003162,0
Sushanta Mahato,BAGHMUNDI,AITC,0,Post Graduate,1365410,402634
Sutanu Maity,KANTHI UTTAR,CPI(M),2,Post Graduate,2490889,1300000
Swadesh Mandal,BANKURA,IND,0,Post Graduate,11567840,6300000
Swadesh Ranjan Nayak,RAMNAGAR,BJP,7,8th Pass,9950000,22857987
Swapan Bauri,PARA (SC),IND,0,10th Pass,1834000,1850000
Swapan Dasgupta,TARAKESWAR,BJP,0,Doctorate,66931590,3402851
Swapan Kumar Bauri,PARA (SC),CPI(M),0,Graduate,6700,0
Swapan Kumar Beltharia,KASHIPUR,AITC,1,8th Pass,15334573,4372831
Swapan Kumar Bhowmik,CHANDIPUR,SUCI(C),0,Post Graduate,9932839,872000
Swapan Kumar Das,BANKURA,IND,0,Graduate,2301294,667886
Swapan Kumar Murmu,MANBAZAR (ST),SUCI(C),0,12th Pass,500,0
Swapan Kumar Naskar,JAYNAGAR (SC),IND,0,8th Pass,5000,0
Swapan Mondal,DIAMOND HARBOUR,IND,0,10th Pass,827750,0
Swapan Naskar,HALDIA (SC),AITC,2,10th Pass,6483904,555487
Swapan Naskar,BARUIPUR PURBA (SC),CPI(M),2,Graduate,5511793,375000
Swapan Parua,NANDIGRAM,IND,0,10th Pass,636500,0
Swaraj Das,SAGAR,SUCI(C),0,Post Graduate,6852057,0
Syed Saddam Ali,KHARAGPUR,CPI(M),1,Post Graduate,979550,300000
Tanmay Ghosh (Bumba),BISHNUPUR,BJP,0,Graduate,44739508,10703064
Tanusree Ghosh,JANGIPARA,IND,0,12th Pass,230311,0
Tapan Bhuya,KHARAGPUR,BJP,2,8th Pass,1556597,500000
Tapan Kumar Dolui,GHATAL (SC),IND,0,Post Graduate,997000,0
Tapan Kumar Ghosh,GARBETA,CPI(M),14,Post Graduate,23797543,2157772
Tapan Kumar Maity,MAHISHADAL,SUCI(C),0,12th Pass,3239776,0
Tapan Mistri,GOSABA (SC),SUCI(C),0,Graduate,1220856,0
Tapas Kumar Mishra,GARBETA,SUCI(C),0,10th Pass,1400500,0
Tapas Sinha,NARAYANGARH,CPI(M),1,Graduate,3691779,650000
Tapasi Mondal,HALDIA (SC),BJP,0,10th Pass,8110430,0
Tarani Roy,BARJORA,IND,0,Illiterate,107500,0
Tarapada Chakrabarti,ONDA,AIFB,0,Post Graduate,10712000,0
Tarun Kanti Naskar,JAYNAGAR (SC),SUCI(C),0,Doctorate,5864456,0
Tarun Kumar Ghosh,MEDINIPUR,CPI,0,Post Graduate,8163428,455313
Tarun Kumar Jana,KANTHI UTTAR,AITC,6,Graduate,3803815,15700000
Tarun Kumar Maity,EGRA,AITC,0,Post Graduate,8582414,5550786
Tarun Mandal,PANSKURA PURBA,Indian Unity Centre,0,8th Pass,789760,90000
Tikaram Hembram,BANDWAN (ST),BSP,0,12th Pass,1811500,980000
Tilak Kumar Chakraborty,MAHISHADAL,AITC,2,Graduate,7316584,0
Tirtha Nath Mahato,JOYPUR,Akhil Bharat Hindu Mahasabha,0,12th Pass,500000,0
Tnusree Chakraborty,SHYAMPUR,BJP,0,Graduate,4101307,554554
Totan Bag,HARIPAL,BSP,0,Graduate,6300,0
Trayee Pradhan,RAMNAGAR,Right to Recall Party,0,Others,158063,0
Tusar Kumar Majumdar,DHANEKHALI (SC),BJP,1,Others,844620,0
Tusharkanti Mal,SHYAMPUR,IND,0,10th Pass,365914,0
Umapada Bauri,PARA (SC),AITC,0,Graduate,3860993,1000000
Utpal Mandal,JAYNAGAR (SC),LJP,0,12th Pass,114200,0
Uttam Barik,PATASHPUR,AITC,4,12th Pass,4332026,0
Uttam Kumar Bandyopadhyay,BALARAMPUR,INC,0,Graduate,1255900,0
Uttam Naskar,BISHNUPUR (SC),IND,0,10th Pass,511291,0
Uttara Singha Hazra,GARBETA,AITC,1,Graduate,17710285,6348523
Vibekananda Mondal,ULUBERIA UTTAR (SC),IND,0,12th Pass,11953,0
Vivekananda Bauri,RAGHUNATHPUR (SC),BJP,0,Graduate Professional,2030856,0
Yamini Kanta Mandi,MANBAZAR (ST),CPI(M),0,Post Graduate,3396148,1000000
